Time,Pheromone
1479072430861, 49.0
1479072474934, 54.0
1479072525022, 53.903999999999996
1479072683146, 54.31999999999999
1479072850272, 52.049
1479072917349, 50.927
1479073179569, 47.16100000000001
1479073305694, 47.98200000000001
1479073377753, 47.66800000000002
1479073456844, 47.89400000000002
1479073723626, 48.67500000000002
