Time,Pheromone
1479072495018, 54.452
1479072564102, 54.727999999999994
1479072635163, 55.32999999999999
1479072753244, 52.367999999999995
1479072914397, 49.958
1479073117610, 47.04800000000001
1479073213664, 46.74500000000001
1479073460843, 52.024000000000015
1479073562990, 48.62600000000002
1479073679082, 47.677000000000014
