Time,Pheromone
1479072825311, 50.779999999999994
1479073017501, 59.715999999999994
1479073159618, 58.62
1479073438829, 66.69
1479073593007, 69.108
1479073778167, 32.276999999999994
