Time,Pheromone
1479072705218, 46.57900000000001
1479072975481, 40.892
1479073038528, 41.054
1479073251690, 33.726000000000006
1479073366765, 29.829000000000004
1479073490867, 27.643000000000008
1479073706099, 20.87600000000001
