Time,Pheromone
1479071595681, 42.517
1479071685754, 40.43
1479071847921, 34.852
1479072005061, 29.025
1479072088126, 27.049
1479072168193, 26.134999999999998
1479072244256, 24.004999999999995
1479072446096, 45.282
1479072679329, 43.09300000000001
1479072937488, 34.96400000000001
1479073156649, 34.83900000000001
1479073276741, 33.747000000000014
1479073436874, 29.278000000000013
1479073534963, 28.255000000000013
1479073754417, 20.121000000000013
