Time,Pheromone
1479072416018, 46.0
1479072610273, 55.27499999999999
1479072830422, 50.934
1479073078592, 48.59400000000001
1479073241715, 46.46800000000001
1479073495933, 51.57500000000002
1479073645315, 47.43500000000002
