Time,Pheromone
1479072501512, 42.872
1479072803744, 38.01499999999999
1479072962863, 34.102999999999994
1479073154042, 31.497
1479073419220, 29.841999999999995
1479073637366, 32.14999999999999
