Time,Pheromone
1479072400888, 46.0
1479072431074, 48.0
1479072504156, 50.17
1479072716359, 48.11500000000001
1479072784401, 45.42100000000001
1479072859441, 43.033
1479072971518, 39.444
1479073034565, 39.678000000000004
1479073108620, 38.602000000000004
1479073395847, 30.791000000000004
1479073571997, 25.72900000000001
1479073711385, 22.28300000000001
1479073789440, 20.76400000000001
