Time,Pheromone
1479072617713, 40.891000000000005
1479072850898, 35.92700000000001
1479073012022, 35.20600000000002
1479073127139, 33.40000000000001
1479073205196, 37.152000000000015
1479073466387, 28.872000000000014
