Time,Pheromone
1479072431865, 53.0
1479072574050, 55.67699999999999
1479072778260, 52.818999999999996
1479073034488, 47.548
1479073135579, 48.14800000000001
1479073247698, 47.427000000000014
1479073400814, 47.77800000000002
1479073459877, 49.95900000000002
1479073696341, 48.676000000000016
1479073791407, 48.597000000000016
