Time,Pheromone
1479071799568, 33.733999999999995
1479071882675, 30.675999999999995
1479072002756, 25.745999999999995
1479072122827, 22.326
1479072567041, 44.671
1479072623086, 46.818999999999996
1479072829249, 53.696999999999996
1479072982404, 52.88999999999999
1479073045470, 60.589999999999996
1479073253607, 61.443999999999996
1479073403771, 65.938
1479073521899, 66.024
1479073619558, 70.777
1479073789674, 21.877000000000013
