Time,Pheromone
1479072595126, 40.286
1479072665186, 42.45400000000001
1479072846332, 35.32200000000001
1479073082553, 34.70200000000001
1479073179638, 34.610000000000014
1479073328742, 31.330000000000013
1479073615034, 25.676000000000013
