Time,Pheromone
1479072525638, 54.778999999999996
1479072742808, 51.843999999999994
1479072918958, 52.896
1479073077103, 46.571000000000005
1479073290268, 47.19400000000002
1479073369307, 45.32500000000002
1479073436347, 47.82900000000002
1479073601456, 48.59800000000002
1479073753581, 48.43800000000002
