Time,Pheromone
1479043460908, 45.271
1479043500015, 48.675000000000004
1479043539086, 52.14300000000001
1479043576145, 56.42300000000001
1479043615201, 59.84000000000001
1479043653250, 64.19800000000001
