Time,Pheromone
1478784260908, 45.271
1478784300015, 48.675000000000004
1478784339086, 52.14300000000001
1478784376145, 56.42300000000001
1478784415201, 59.84000000000001
1478784453250, 64.19800000000001
