Time,Pheromone
1479084248464, 46.0
1479084915946, 27.556999999999995
1479084951993, 36.052
1479084985036, 44.253
1479085017073, 53.79600000000001
1479085049130, 63.37600000000001
1479085081186, 64.057
