Time,Pheromone
1479084248465, 50.0
1479084932966, 33.373
1479084967018, 42.410000000000004
1479085000077, 50.946000000000005
1479085032138, 60.51100000000001
1479085064187, 70.05900000000001
1479085096236, 62.296
