Time,Pheromone
1479036103299, 45.339
1479036151367, 47.57599999999999
1479036197422, 49.92399999999999
1479036243477, 52.09199999999999
1479036289533, 53.343999999999994
1479036335585, 55.486
1479036381635, 57.699999999999996
