Time,Pheromone
1479068482340, 53.858000000000004
1479068554399, 54.519
1479068677502, 50.44
1479068779595, 47.955999999999996
1479068908733, 58.79199999999998
1479068994865, 73.07799999999996
