Time,Pheromone
1479067567184, 42.974
1479067747384, 35.282999999999994
1479067923481, 26.445999999999994
1479068030538, 20.523999999999994
1479068202617, 12.098999999999997
1479068276881, 43.249
1479068340946, 40.833
1479068680205, 27.77
1479068827373, 33.564
