Time,Pheromone
1479068720535, 35.909000000000006
1479068823621, 33.147000000000006
1479068924757, 54.394000000000005
1479068957812, 62.10400000000001
1479069123106, 47.391999999999996
1479069182165, 48.495999999999995
1479069239214, 50.81999999999999
1479069294264, 52.50399999999999
1479069348313, 54.139999999999986
1479069401366, 56.75799999999998
1479069455416, 58.445999999999984
1479069509466, 61.10199999999999
1479069562520, 62.769999999999996
1479069605577, 65.33
1479069659626, 68.444
