Time,Pheromone
1479068615443, 42.69399999999999
1479068874679, 44.20799999999999
1479069013885, 60.303999999999995
