Time,Pheromone
1479068407041, 48.0
1479068658292, 50.013999999999996
1479068907551, 54.98299999999998
1479068993696, 69.80199999999996
