Time,Pheromone
1479068365172, 50.88
1479068439219, 52.452
1479068502277, 53.999
1479068561326, 55.55200000000001
1479068664417, 53.72500000000001
1479068765503, 57.84400000000001
1479068855630, 62.88700000000001
1479068966784, 41.833
