Time,Pheromone
1479068545618, 54.584
1479068681729, 55.113000000000014
1479068751793, 53.69000000000001
1479068861946, 69.15700000000001
