Time,Pheromone
1479068794314, 59.54800000000001
1479068859434, 66.522
1479068912517, 55.602999999999994
