Time,Pheromone
1479068377280, 46.0
1479068441441, 54.0
1479068729740, 50.581999999999994
1479068808791, 49.55599999999999
1479068885891, 48.36499999999999
1479068933969, 60.49399999999998
1479068968015, 65.24999999999997
1479069005086, 75.06499999999996
1479069045142, 38.649
