Time,Pheromone
1479068411059, 52.0
1479068506154, 53.734
1479068633252, 50.611
1479068726328, 49.010999999999996
1479068961611, 61.87199999999998
