Time,Pheromone
1479068336935, 46.0
1479068410000, 50.146
1479068500091, 52.823
1479068616175, 54.67700000000001
1479068676233, 54.41900000000001
1479068805375, 62.25200000000001
1479068927566, 69.80199999999996
