Time,Pheromone
1479067997623, 24.824999999999996
1479068553207, 40.74099999999999
1479068797421, 37.61499999999999
1479068872506, 41.71799999999999
1479068939606, 55.23
