Time,Pheromone
1479067623301, 40.175
1479067732366, 35.23799999999999
1479067852454, 30.291999999999994
1479068031547, 21.601999999999993
1479068147616, 15.779999999999992
1479068528110, 35.616
1479068741314, 27.522
1479068889513, 35.252
