Time,Pheromone
1479067712405, 39.813
1479067948587, 25.805999999999997
1479068060637, 21.923999999999996
1479068231750, 12.098999999999997
1479068464116, 44.861999999999995
1479068569192, 41.70599999999999
1479068688286, 39.29099999999999
1479068805382, 38.737999999999985
1479068861434, 38.22799999999999
1479068896491, 46.98499999999999
1479068979643, 55.602999999999994
