Time,Pheromone
1479068807559, 30.761
1479068890692, 38.465
1479068947764, 41.833
1479069060995, 45.34
1479069121040, 45.018
1479069177087, 44.804
1479069231135, 45.641999999999996
1479069285188, 45.53999999999999
1479069338234, 46.40599999999999
1479069392285, 46.269999999999996
1479069446334, 46.153999999999996
1479069499395, 48.89999999999999
1479069542444, 49.75399999999999
1479069594492, 50.68199999999999
