Time,Pheromone
1479067772484, 35.899
1479067890555, 30.887
1479068171702, 15.841999999999999
1479068538167, 38.117000000000004
1479068600228, 37.85300000000001
1479068834409, 35.386
1479068928546, 57.18000000000001
