Time,Pheromone
1479068599726, 41.69999999999999
1479068728856, 39.49199999999999
1479068930065, 52.495999999999995
1479069001166, 57.97599999999999
