Time,Pheromone
1479068417448, 37.702999999999996
1479068481536, 37.278999999999996
1479068576637, 33.262
1479068775821, 28.958
1479068878968, 33.039
