Time,Pheromone
1479068460564, 54.429
1479068535638, 54.689
1479068802900, 48.75599999999999
1479068898020, 51.173999999999985
1479068982148, 67.52599999999997
1479069019193, 57.97599999999999
