Time,Pheromone
1479063060923, 44.822
1479063109000, 46.67100000000001
1479063158057, 48.467
1479063208116, 49.26199999999999
1479063256175, 51.14699999999999
1479063304224, 52.948999999999984
1479063352278, 54.914999999999985
1479063400344, 55.84599999999998
1479063448410, 57.79699999999998
1479063497464, 59.66399999999998
1479063545507, 61.59999999999998
